{
    "epoch": 10.0,
    "eval_gen_len": 42.1452,
    "eval_loss": 3.3224565982818604,
    "eval_rouge1": 42.361,
    "eval_rouge2": 29.6695,
    "eval_rougeL": 37.5088,
    "eval_rougeLsum": 39.0232,
    "eval_runtime": 536.1332,
    "eval_samples": 11565,
    "eval_samples_per_second": 21.571,
    "eval_steps_per_second": 0.675,
    "predict_gen_len": 41.4175,
    "predict_loss": 3.382131814956665,
    "predict_rouge1": 39.9425,
    "predict_rouge2": 26.6477,
    "predict_rougeL": 34.654,
    "predict_rougeLsum": 36.3342,
    "predict_runtime": 593.4865,
    "predict_samples": 12775,
    "predict_samples_per_second": 21.525,
    "predict_steps_per_second": 0.674,
    "train_loss": 2.655187851951119,
    "train_runtime": 23328.8974,
    "train_samples": 249277,
    "train_samples_per_second": 106.853,
    "train_steps_per_second": 1.67
}