{
    "epoch": 10.0,
    "eval_gen_len": 43.2426,
    "eval_loss": 2.838590383529663,
    "eval_rouge1": 46.7011,
    "eval_rouge2": 34.0087,
    "eval_rougeL": 41.5475,
    "eval_rougeLsum": 43.2108,
    "eval_runtime": 535.1897,
    "eval_samples": 11565,
    "eval_samples_per_second": 21.609,
    "eval_steps_per_second": 0.676,
    "predict_gen_len": 42.5419,
    "predict_loss": 2.8723409175872803,
    "predict_rouge1": 44.7777,
    "predict_rouge2": 31.459,
    "predict_rougeL": 39.2153,
    "predict_rougeLsum": 41.0241,
    "predict_runtime": 591.9629,
    "predict_samples": 12775,
    "predict_samples_per_second": 21.581,
    "predict_steps_per_second": 0.676,
    "train_loss": 2.4364444114675265,
    "train_runtime": 23409.342,
    "train_samples": 249277,
    "train_samples_per_second": 106.486,
    "train_steps_per_second": 1.664
}