{
    "epoch": 10.0,
    "eval_gen_len": 51.3525,
    "eval_loss": 2.780059576034546,
    "eval_rouge1": 47.4222,
    "eval_rouge2": 34.8624,
    "eval_rougeL": 42.2487,
    "eval_rougeLsum": 43.9494,
    "eval_runtime": 639.8289,
    "eval_samples": 11565,
    "eval_samples_per_second": 18.075,
    "eval_steps_per_second": 0.566,
    "predict_gen_len": 50.7011,
    "predict_loss": 2.8145241737365723,
    "predict_rouge1": 45.4725,
    "predict_rouge2": 32.2159,
    "predict_rougeL": 39.9207,
    "predict_rougeLsum": 41.6933,
    "predict_runtime": 706.417,
    "predict_samples": 12775,
    "predict_samples_per_second": 18.084,
    "predict_steps_per_second": 0.566,
    "train_loss": 2.711658122267129,
    "train_runtime": 17740.5185,
    "train_samples": 249277,
    "train_samples_per_second": 140.513,
    "train_steps_per_second": 2.196
}