{
    "epoch": 10.0,
    "eval_gen_len": 53.3888,
    "eval_loss": 2.8922736644744873,
    "eval_rouge1": 46.6065,
    "eval_rouge2": 34.0671,
    "eval_rougeL": 41.1433,
    "eval_rougeLsum": 43.0324,
    "eval_runtime": 638.6148,
    "eval_samples": 11565,
    "eval_samples_per_second": 18.11,
    "eval_steps_per_second": 0.567,
    "predict_gen_len": 52.8172,
    "predict_loss": 2.9287774562835693,
    "predict_rouge1": 44.4838,
    "predict_rouge2": 31.2605,
    "predict_rougeL": 38.6177,
    "predict_rougeLsum": 40.5975,
    "predict_runtime": 703.8244,
    "predict_samples": 12775,
    "predict_samples_per_second": 18.151,
    "predict_steps_per_second": 0.568,
    "train_loss": 3.1138002885811136,
    "train_runtime": 17427.0726,
    "train_samples": 249277,
    "train_samples_per_second": 143.04,
    "train_steps_per_second": 2.235
}